{
    "competitorSpawningPoints": [
        { "position": [ -36, -4.9, 42 ], "rotation": [ 0, 0, 0 ] },
        { "position": [  28, -7.17, -29.5 ], "rotation": [ 0, 3.141592653589793, 0 ] },
        { "position": [ -54, -4.52, -16 ], "rotation": [ 0, -1.5707963267948966, 0 ] },
        { "position": [ 39, -7.17, 36 ], "rotation": [ 0, 1.5707963267948966, 0 ] }
    ],
    "healthPackSpawningPoints": [
        [ -1, -3.42, 0 ], [ 33.5, -6.92, 18 ], [ -27, -4.27, -27 ]
    ],
    "shotgunSpawningPoints": [
        [ 5, -2.42, 45 ], [ -7, -4.27, -19 ]
    ],
    "assaultRilflesSpawningPoints": [
        [ 27, -6.92, -2 ], [ -21, -2.42, 13 ]
    ],
    "spatialIndex": {
        "width": 125,
        "height": 25,
        "depth": 125,
        "cellsX": 20,
        "cellsY": 1,
        "cellsZ": 20
    }
}