{
    "competitorSpawningPoints": [
        { "position": [ -33.5, -4.9, 42 ], "rotation": [ 0, 0, 0 ] },
        { "position": [  29.5, -7.17, -27.5 ], "rotation": [ 0, 3.141592653589793, 0 ] },
        { "position": [ -50.5, -4.52, -14 ], "rotation": [ 0, -1.5707963267948966, 0 ] },
        { "position": [ 39.7, -7.17, 35 ], "rotation": [ 0, 1.5707963267948966, 0 ] }
    ],
    "healthPackSpawningPoints": [
        [ -1, -2.92, 0 ], [ 33.5, -6.42, 18 ], [ -27, -3.77, -27 ]
    ],
    "shotgunSpawningPoints": [
        [ 5, -1.92, 45 ], [ -7, -3.77, -19 ]
    ],
    "assaultRilflesSpawningPoints": [
        [ 27, -6.42, -2 ], [ -21, -1.92, 13 ]
    ],
    "spatialIndex": {
        "width": 125,
        "height": 25,
        "depth": 125,
        "cellsX": 20,
        "cellsY": 1,
        "cellsZ": 20
    }
}